{"cameraMode":{"drawMode":0,"name":"Shaded","section":"Shading Mode"},"sceneLighting":true,"audioPlay":false,"sceneViewState":{"m_AlwaysRefresh":false,"showFog":true,"showSkybox":true,"showFlares":true,"showImageEffects":true,"showParticleSystems":true,"showVisualEffectGraphs":true,"m_FxEnabled":true},"in2DMode":false,"pivot":{"x":-81.68244934082031,"y":251.30368041992188,"z":135.02182006835938},"rotation":{"x":0.01214374229311943,"y":-0.24616995453834535,"z":-0.0033973436802625658,"w":-0.9693374037742615},"size":474.63787841796877,"orthographic":false}