{"cameraMode":{"drawMode":0,"name":"Shaded","section":"Shading Mode"},"sceneLighting":true,"audioPlay":false,"sceneViewState":{"m_AlwaysRefresh":false,"showFog":true,"showSkybox":true,"showFlares":true,"showImageEffects":true,"showParticleSystems":true,"showVisualEffectGraphs":true,"m_FxEnabled":true},"in2DMode":false,"pivot":{"x":5.972897529602051,"y":349.8171691894531,"z":6.0992326736450199},"rotation":{"x":0.1214134469628334,"y":-0.44679316878318789,"z":0.057039543986320499,"w":0.8853563070297241},"size":22.525115966796876,"orthographic":false}