{"cameraMode":{"drawMode":0,"name":"Shaded","section":"Shading Mode"},"sceneLighting":true,"audioPlay":false,"sceneViewState":{"m_AlwaysRefresh":false,"showFog":true,"showSkybox":true,"showFlares":true,"showImageEffects":true,"showParticleSystems":true,"showVisualEffectGraphs":true,"m_FxEnabled":true},"in2DMode":false,"pivot":{"x":1670.1182861328125,"y":-850.4586181640625,"z":2683.63330078125},"rotation":{"x":0.21902355551719666,"y":-0.14350855350494386,"z":0.030644629150629045,"w":0.9650523066520691},"size":1387.0892333984375,"orthographic":false}