{"cameraMode":{"drawMode":0,"name":"Shaded","section":"Shading Mode"},"sceneLighting":true,"audioPlay":false,"sceneViewState":{"m_AlwaysRefresh":false,"showFog":true,"showSkybox":true,"showFlares":true,"showImageEffects":true,"showParticleSystems":true,"showVisualEffectGraphs":true,"m_FxEnabled":true},"in2DMode":false,"pivot":{"x":102.93392944335938,"y":-132.94338989257813,"z":-145.95758056640626},"rotation":{"x":-0.10050709545612335,"y":0.7562698125839233,"z":-0.11964074522256851,"w":-0.6353240013122559},"size":1016.0956420898438,"orthographic":false}